[
  {
    "name": "Process Start",
    "start": 1626842011086,
    "end": 1626842011721,
    "duration": 635,
    "pid": 7176,
    "index": 0
  },
  {
    "name": "Application Start",
    "start": 1626842011721,
    "end": 1626842012859,
    "duration": 1138,
    "pid": 7176,
    "index": 1
  },
  {
    "name": "Load Plugin",
    "start": 1626842011727,
    "end": 1626842011733,
    "duration": 6,
    "pid": 7176,
    "index": 2
  },
  {
    "name": "Load Config",
    "start": 1626842011733,
    "end": 1626842011746,
    "duration": 13,
    "pid": 7176,
    "index": 3
  },
  {
    "name": "Require(0) config/config.default.js",
    "start": 1626842011734,
    "end": 1626842011734,
    "duration": 0,
    "pid": 7176,
    "index": 4
  },
  {
    "name": "Require(1) node_modules/egg-session/config/config.default.js",
    "start": 1626842011735,
    "end": 1626842011735,
    "duration": 0,
    "pid": 7176,
    "index": 5
  },
  {
    "name": "Require(2) node_modules/egg-security/config/config.default.js",
    "start": 1626842011735,
    "end": 1626842011736,
    "duration": 1,
    "pid": 7176,
    "index": 6
  },
  {
    "name": "Require(3) node_modules/egg-jsonp/config/config.default.js",
    "start": 1626842011736,
    "end": 1626842011737,
    "duration": 1,
    "pid": 7176,
    "index": 7
  },
  {
    "name": "Require(4) node_modules/egg-onerror/config/config.default.js",
    "start": 1626842011737,
    "end": 1626842011737,
    "duration": 0,
    "pid": 7176,
    "index": 8
  },
  {
    "name": "Require(5) node_modules/egg-i18n/config/config.default.js",
    "start": 1626842011737,
    "end": 1626842011737,
    "duration": 0,
    "pid": 7176,
    "index": 9
  },
  {
    "name": "Require(6) node_modules/egg-watcher/config/config.default.js",
    "start": 1626842011738,
    "end": 1626842011738,
    "duration": 0,
    "pid": 7176,
    "index": 10
  },
  {
    "name": "Require(7) node_modules/egg-schedule/config/config.default.js",
    "start": 1626842011738,
    "end": 1626842011738,
    "duration": 0,
    "pid": 7176,
    "index": 11
  },
  {
    "name": "Require(8) node_modules/egg-multipart/config/config.default.js",
    "start": 1626842011739,
    "end": 1626842011739,
    "duration": 0,
    "pid": 7176,
    "index": 12
  },
  {
    "name": "Require(9) node_modules/egg-development/config/config.default.js",
    "start": 1626842011739,
    "end": 1626842011740,
    "duration": 1,
    "pid": 7176,
    "index": 13
  },
  {
    "name": "Require(10) node_modules/egg-logrotator/config/config.default.js",
    "start": 1626842011740,
    "end": 1626842011740,
    "duration": 0,
    "pid": 7176,
    "index": 14
  },
  {
    "name": "Require(11) node_modules/egg-static/config/config.default.js",
    "start": 1626842011740,
    "end": 1626842011740,
    "duration": 0,
    "pid": 7176,
    "index": 15
  },
  {
    "name": "Require(12) node_modules/egg-view/config/config.default.js",
    "start": 1626842011741,
    "end": 1626842011741,
    "duration": 0,
    "pid": 7176,
    "index": 16
  },
  {
    "name": "Require(13) node_modules/egg-mongoose/config/config.default.js",
    "start": 1626842011741,
    "end": 1626842011741,
    "duration": 0,
    "pid": 7176,
    "index": 17
  },
  {
    "name": "Require(14) node_modules/egg-validate/config/config.default.js",
    "start": 1626842011742,
    "end": 1626842011742,
    "duration": 0,
    "pid": 7176,
    "index": 18
  },
  {
    "name": "Require(15) node_modules/egg/config/config.default.js",
    "start": 1626842011742,
    "end": 1626842011742,
    "duration": 0,
    "pid": 7176,
    "index": 19
  },
  {
    "name": "Require(16) config/config.default.js",
    "start": 1626842011743,
    "end": 1626842011744,
    "duration": 1,
    "pid": 7176,
    "index": 20
  },
  {
    "name": "Require(17) node_modules/egg-security/config/config.local.js",
    "start": 1626842011744,
    "end": 1626842011744,
    "duration": 0,
    "pid": 7176,
    "index": 21
  },
  {
    "name": "Require(18) node_modules/egg-watcher/config/config.local.js",
    "start": 1626842011744,
    "end": 1626842011744,
    "duration": 0,
    "pid": 7176,
    "index": 22
  },
  {
    "name": "Require(19) node_modules/egg-view/config/config.local.js",
    "start": 1626842011745,
    "end": 1626842011745,
    "duration": 0,
    "pid": 7176,
    "index": 23
  },
  {
    "name": "Require(20) node_modules/egg/config/config.local.js",
    "start": 1626842011745,
    "end": 1626842011745,
    "duration": 0,
    "pid": 7176,
    "index": 24
  },
  {
    "name": "Load extend/application.js",
    "start": 1626842011746,
    "end": 1626842011762,
    "duration": 16,
    "pid": 7176,
    "index": 25
  },
  {
    "name": "Require(21) node_modules/egg-session/app/extend/application.js",
    "start": 1626842011747,
    "end": 1626842011748,
    "duration": 1,
    "pid": 7176,
    "index": 26
  },
  {
    "name": "Require(22) node_modules/egg-security/app/extend/application.js",
    "start": 1626842011748,
    "end": 1626842011750,
    "duration": 2,
    "pid": 7176,
    "index": 27
  },
  {
    "name": "Require(23) node_modules/egg-jsonp/app/extend/application.js",
    "start": 1626842011750,
    "end": 1626842011752,
    "duration": 2,
    "pid": 7176,
    "index": 28
  },
  {
    "name": "Require(24) node_modules/egg-logrotator/app/extend/application.js",
    "start": 1626842011753,
    "end": 1626842011754,
    "duration": 1,
    "pid": 7176,
    "index": 29
  },
  {
    "name": "Require(25) node_modules/egg-view/app/extend/application.js",
    "start": 1626842011755,
    "end": 1626842011759,
    "duration": 4,
    "pid": 7176,
    "index": 30
  },
  {
    "name": "Require(26) app/extend/application.js",
    "start": 1626842011760,
    "end": 1626842011761,
    "duration": 1,
    "pid": 7176,
    "index": 31
  },
  {
    "name": "Load extend/request.js",
    "start": 1626842011763,
    "end": 1626842011769,
    "duration": 6,
    "pid": 7176,
    "index": 32
  },
  {
    "name": "Require(27) node_modules/egg/app/extend/request.js",
    "start": 1626842011767,
    "end": 1626842011768,
    "duration": 1,
    "pid": 7176,
    "index": 33
  },
  {
    "name": "Load extend/response.js",
    "start": 1626842011769,
    "end": 1626842011776,
    "duration": 7,
    "pid": 7176,
    "index": 34
  },
  {
    "name": "Require(28) node_modules/egg/app/extend/response.js",
    "start": 1626842011770,
    "end": 1626842011773,
    "duration": 3,
    "pid": 7176,
    "index": 35
  },
  {
    "name": "Load extend/context.js",
    "start": 1626842011776,
    "end": 1626842011813,
    "duration": 37,
    "pid": 7176,
    "index": 36
  },
  {
    "name": "Require(29) node_modules/egg-security/app/extend/context.js",
    "start": 1626842011776,
    "end": 1626842011780,
    "duration": 4,
    "pid": 7176,
    "index": 37
  },
  {
    "name": "Require(30) node_modules/egg-jsonp/app/extend/context.js",
    "start": 1626842011780,
    "end": 1626842011781,
    "duration": 1,
    "pid": 7176,
    "index": 38
  },
  {
    "name": "Require(31) node_modules/egg-i18n/app/extend/context.js",
    "start": 1626842011781,
    "end": 1626842011782,
    "duration": 1,
    "pid": 7176,
    "index": 39
  },
  {
    "name": "Require(32) node_modules/egg-multipart/app/extend/context.js",
    "start": 1626842011782,
    "end": 1626842011810,
    "duration": 28,
    "pid": 7176,
    "index": 40
  },
  {
    "name": "Require(33) node_modules/egg-view/app/extend/context.js",
    "start": 1626842011810,
    "end": 1626842011811,
    "duration": 1,
    "pid": 7176,
    "index": 41
  },
  {
    "name": "Require(34) node_modules/egg-mongoose/app/extend/context.js",
    "start": 1626842011811,
    "end": 1626842011811,
    "duration": 0,
    "pid": 7176,
    "index": 42
  },
  {
    "name": "Require(35) node_modules/egg-validate/app/extend/context.js",
    "start": 1626842011811,
    "end": 1626842011811,
    "duration": 0,
    "pid": 7176,
    "index": 43
  },
  {
    "name": "Require(36) node_modules/egg/app/extend/context.js",
    "start": 1626842011811,
    "end": 1626842011812,
    "duration": 1,
    "pid": 7176,
    "index": 44
  },
  {
    "name": "Load extend/helper.js",
    "start": 1626842011813,
    "end": 1626842011846,
    "duration": 33,
    "pid": 7176,
    "index": 45
  },
  {
    "name": "Require(37) node_modules/egg-security/app/extend/helper.js",
    "start": 1626842011814,
    "end": 1626842011842,
    "duration": 28,
    "pid": 7176,
    "index": 46
  },
  {
    "name": "Require(38) node_modules/egg/app/extend/helper.js",
    "start": 1626842011843,
    "end": 1626842011844,
    "duration": 1,
    "pid": 7176,
    "index": 47
  },
  {
    "name": "Load app.js",
    "start": 1626842011846,
    "end": 1626842012511,
    "duration": 665,
    "pid": 7176,
    "index": 48
  },
  {
    "name": "Require(39) node_modules/egg-session/app.js",
    "start": 1626842011846,
    "end": 1626842011847,
    "duration": 1,
    "pid": 7176,
    "index": 49
  },
  {
    "name": "Require(40) node_modules/egg-security/app.js",
    "start": 1626842011847,
    "end": 1626842011849,
    "duration": 2,
    "pid": 7176,
    "index": 50
  },
  {
    "name": "Require(41) node_modules/egg-onerror/app.js",
    "start": 1626842011849,
    "end": 1626842011863,
    "duration": 14,
    "pid": 7176,
    "index": 51
  },
  {
    "name": "Require(42) node_modules/egg-i18n/app.js",
    "start": 1626842011863,
    "end": 1626842011882,
    "duration": 19,
    "pid": 7176,
    "index": 52
  },
  {
    "name": "Require(43) node_modules/egg-watcher/app.js",
    "start": 1626842011883,
    "end": 1626842011884,
    "duration": 1,
    "pid": 7176,
    "index": 53
  },
  {
    "name": "Require(44) node_modules/egg-schedule/app.js",
    "start": 1626842011885,
    "end": 1626842011886,
    "duration": 1,
    "pid": 7176,
    "index": 54
  },
  {
    "name": "Require(45) node_modules/egg-multipart/app.js",
    "start": 1626842011886,
    "end": 1626842011887,
    "duration": 1,
    "pid": 7176,
    "index": 55
  },
  {
    "name": "Require(46) node_modules/egg-development/app.js",
    "start": 1626842011888,
    "end": 1626842011889,
    "duration": 1,
    "pid": 7176,
    "index": 56
  },
  {
    "name": "Require(47) node_modules/egg-logrotator/app.js",
    "start": 1626842011889,
    "end": 1626842011890,
    "duration": 1,
    "pid": 7176,
    "index": 57
  },
  {
    "name": "Require(48) node_modules/egg-static/app.js",
    "start": 1626842011890,
    "end": 1626842011891,
    "duration": 1,
    "pid": 7176,
    "index": 58
  },
  {
    "name": "Require(49) node_modules/egg-mongoose/app.js",
    "start": 1626842011891,
    "end": 1626842011892,
    "duration": 1,
    "pid": 7176,
    "index": 59
  },
  {
    "name": "Require(50) node_modules/egg-validate/app.js",
    "start": 1626842011892,
    "end": 1626842011895,
    "duration": 3,
    "pid": 7176,
    "index": 60
  },
  {
    "name": "Require(51) app.js",
    "start": 1626842011895,
    "end": 1626842012511,
    "duration": 616,
    "pid": 7176,
    "index": 61
  },
  {
    "name": "Before Start in node_modules/egg-watcher/lib/init.js:15:14",
    "start": 1626842012519,
    "end": 1626842012851,
    "duration": 332,
    "pid": 7176,
    "index": 62
  },
  {
    "name": "Before Start in node_modules/egg-mongoose/lib/mongoose.js:104:7",
    "start": 1626842012553,
    "end": 1626842012850,
    "duration": 297,
    "pid": 7176,
    "index": 63
  },
  {
    "name": "Before Start in node_modules/egg-mongoose/lib/mongoose.js:52:9",
    "start": 1626842012553,
    "end": 1626842012828,
    "duration": 275,
    "pid": 7176,
    "index": 64
  },
  {
    "name": "Load Service",
    "start": 1626842012553,
    "end": 1626842012576,
    "duration": 23,
    "pid": 7176,
    "index": 65
  },
  {
    "name": "Load \"service\" to Context",
    "start": 1626842012553,
    "end": 1626842012576,
    "duration": 23,
    "pid": 7176,
    "index": 66
  },
  {
    "name": "Load Middleware",
    "start": 1626842012576,
    "end": 1626842012753,
    "duration": 177,
    "pid": 7176,
    "index": 67
  },
  {
    "name": "Load \"middlewares\" to Application",
    "start": 1626842012576,
    "end": 1626842012740,
    "duration": 164,
    "pid": 7176,
    "index": 68
  },
  {
    "name": "Load Controller",
    "start": 1626842012753,
    "end": 1626842012789,
    "duration": 36,
    "pid": 7176,
    "index": 69
  },
  {
    "name": "Load \"controller\" to Application",
    "start": 1626842012753,
    "end": 1626842012789,
    "duration": 36,
    "pid": 7176,
    "index": 70
  },
  {
    "name": "Load Router",
    "start": 1626842012789,
    "end": 1626842012792,
    "duration": 3,
    "pid": 7176,
    "index": 71
  },
  {
    "name": "Require(52) app/router.js",
    "start": 1626842012789,
    "end": 1626842012790,
    "duration": 1,
    "pid": 7176,
    "index": 72
  },
  {
    "name": "Before Start in node_modules/egg-core/lib/egg.js:303:10",
    "start": 1626842012790,
    "end": 1626842012828,
    "duration": 38,
    "pid": 7176,
    "index": 73
  },
  {
    "name": "Load \"model\" to Application",
    "start": 1626842012801,
    "end": 1626842012827,
    "duration": 26,
    "pid": 7176,
    "index": 74
  },
  {
    "name": "Will Ready in app.js:willReady",
    "start": 1626842012852,
    "end": 1626842012854,
    "duration": 2,
    "pid": 7176,
    "index": 75
  }
]